Feature Name,Description,Importance_Rank,Data_Type
YearsAtCompany,Total years the employee has worked at the company,1.0,Continuous (0-40)
JobLevel,Current job level (1=Junior to 5=Executive),9.0,Categorical (1-5)
OverTime,"Whether employee works overtime (1=Yes, 0=No)",8.0,Binary (0/1)
JobSatisfaction,Employee satisfaction with their job role (1=Very Low to 4=Very High),4.0,Categorical (1-4)
WorkLifeBalance,Employee perceived work-life balance (1=Bad to 4=Excellent),6.0,Categorical (1-4)
PerformanceRating,Performance rating in recent appraisal (1=Low to 4=High),,Categorical (1-4)
Age,Current age of the employee in years,14.0,Continuous (18-65)
MaritalStatus,"Marital status (0=Single, 1=Married, 2=Divorced)",,Categorical (0-2)
EducationField,"Educational background (0=High School, 1=Bachelor, 2=Master, 3=PhD)",,Categorical (0-3)
YearsSinceLastPromotion,Years since last promotion/advancement,1.0,Continuous (0-15)
NumCompaniesWorked,Number of companies the employee has worked for (including current),7.0,Discrete (1-6)
YearsWithCurrentManager,Years with the current direct manager,12.0,Continuous (0-20)
TrainingTimesLastYear,Number of training/development programs attended in last year,11.0,Discrete (0-6)
MonthlyIncome,Monthly salary/income in INR,10.0,Continuous (₹20K-₹200K)
PercentSalaryHike,Percentage salary increase in last appraisal,,Continuous (0-25%)
DistanceFromHome,Distance from home to office in kilometers,5.0,Continuous (1-50 km)
BusinessTravel,"Frequency of business travel (0=None, 1=Rarely, 2=Frequently)",,Categorical (0-2)
DailyWorkingHours,Average daily working hours,2.0,Continuous (7-12)
RelationshipSatisfaction,Satisfaction with work relationships and team dynamics (1=Low to 4=High),3.0,Categorical (1-4)
NumProjects,Number of active projects the employee is assigned to,,Discrete (1-7)
AttendancePercentage,Overall attendance percentage in the year,13.0,Continuous (80-100%)
