Feature,Importance,Importance_Percentage
YearsSinceLastPromotion,0.12662364295784478,12.66
DailyWorkingHours,0.0989746029632073,9.9
RelationshipSatisfaction,0.08679645633797231,8.68
JobSatisfaction,0.08390665805482035,8.39
DistanceFromHome,0.08283556133686658,8.28
WorkLifeBalance,0.0828146538386017,8.28
NumCompaniesWorked,0.052983959630138515,5.3
OverTime,0.05003269729138015,5.0
JobLevel,0.04649238163902449,4.65
MonthlyIncome,0.044732147223604565,4.47
TrainingTimesLastYear,0.03789312773135089,3.79
YearsWithCurrentManager,0.037459916593890606,3.75
AttendancePercentage,0.03503796060810712,3.5
Age,0.033654992750972446,3.37
YearsAtCompany,0.0327864761734365,3.28
PercentSalaryHike,0.026873440584160246,2.69
PerformanceRating,0.01605410141544199,1.61
NumProjects,0.010295922254020394,1.03
BusinessTravel,0.009940221077014071,0.99
EducationField,0.0029426072322160848,0.29
MaritalStatus,0.0008684723059291139,0.09
